"coustomer_key","total_orders","total_spent","avg_order_value"
C004349,39,17104.5,124.85036496350365
C005316,39,16853.25,113.10906040268456
C000273,38,16645.75,123.30185185185185
C001438,38,16381.5,118.70652173913044
C007553,39,16288.75,113.90734265734265
C007415,38,16282.5,132.3780487804878
C008009,38,16194.75,137.24364406779662
C007205,38,16154.5,125.22868217054264
C002968,39,16006.5,114.33214285714286
C006902,38,15977.25,124.822265625
